;accountId;id;name;profileIconId;revisionDate;summonerLevel
0;200003702;231399;Zaptar;720;1529137805000;122
0;200020455;240105;Cane Me Daddy;605;1528888734000;54
0;200227560;508906;Plutó;3288;1529042839000;85
0;200005909;232475;Boss McNuggets;3102;1528954990000;75
0;202762635;11370136;ˆˉˇˉ;9;1529117963000;42
0;200841535;1892186;LGC Only;939;1529160826000;72
0;200230809;510102;obito1;1301;1529131897000;72
0;200911000;2171317;k1ng Cupcake;1211;1528694180000;40
0;200230390;510010;Kimchiii;7;1528808171000;78
0;201593753;4962426;Plummet;641;1529140579000;86
0;200085723;342457;Gbay99;3352;1529134826000;111
0;200048800;303763;chf rockstar;23;1529161490000;77
0;200376958;724526;WÆN;3494;1529141695000;64
0;200005981;232632;Cheezels;3150;1529164793000;83
0;201877569;6130376;Gonna slay u;3478;1528582158000;70
0;202762637;11350138;ORD Swiffer;4;1529039888000;61
0;201367382;3710963;Ailuna;3442;1529156211000;50
0;202571582;10811838;Babo Beongsin JH;22;1529041478000;61
0;200278388;577995;Uther;3382;1529145580000;52
0;202855128;11860960;trash canister ;3442;1529136646000;69
0;201099374;2982057;Madmaximo;1299;1529152061000;136
0;201837523;5935237;Gon123;3175;1529038488000;73
0;201847167;6020977;DW k1ng;1112;1529127460000;37
0;200404986;735088;tlxjkgcpl17717;1588;1528886402000;69
0;201195790;3310720;Piggie;1114;1529068515000;72
0;200196211;483862;Cuden 1;2085;1529139327000;102
0;200259885;571021;Wherearewe;3287;1528987631000;61
0;200296012;594237;Soulstrikes;18;1528728307000;72
0;200145654;408703;Bambi On Ice;3271;1529143798000;85
0;200302937;631376;AV Jayke;1478;1529154761000;77
0;200643930;1332943;Panda ouo;3155;1529128065000;74
0;200278150;577848;Countdown Timer;3369;1529173841000;62
0;201276629;3560761;Small bubble;1642;1529151578000;70
0;200401944;801178;Chippys;578;1529138346000;60
0;200059544;299446;Sam;551;1529141695000;112
0;200105809;352592;Daegu Venus;3150;1529064121000;63
0;202906079;12080166;CommandAttack NA;3442;1529148683000;64
0;200533824;991093;Jenkins;3018;1529129895000;132
0;200162839;437165;Azus;1633;1529062634000;118
0;200462039;890259;Shok;3520;1529071655000;90
0;200039680;279834;billy bong;3369;1529145580000;71
0;201801244;5910870;you will miss me;3163;1529111604000;66
0;200183256;457370;Thiên;3099;1529164369000;130
0;200077282;328401;Oikawa Tooru;1434;1529055558000;126
0;200286334;590799;BMR Seb;3287;1529155563000;89
0;201049683;2731428;ITN Fudge;9;1528989208000;62
0;200214630;493127;Eyla;1625;1529060904000;97
0;200063842;311555;Vans;936;1529165895000;102
0;201607809;5031491;Dappa kappa;1458;1529132859000;115
0;200791570;1830141;kaios619;3289;1529172638000;66
0;201786201;5831171;KRdoink;3158;1528959348000;93
0;200340090;693842;Played;937;1529170184000;71
0;202135329;7890412;bojack ANU;3442;1529163841000;123
0;200450488;775147;shui bu gou TuT;3018;1529173592000;110
0;200599407;1156907;1234hitdinosaur;1301;1529163878000;72
0;200008530;233854;Gðku;502;1529161490000;68
0;202466468;10061365;EMP Chazz;16;1529152342000;62
0;202701448;11230285;slkjdf;1386;1528949055000;59
0;200175383;463736;Farm;1226;1529125052000;66
0;201837472;5895478;Monkey D Mitch;3102;1529038488000;61
0;200158456;445071;mattyg33;3287;1529148155000;130
0;200156744;444311;SSG Decoy ;2076;1529154349000;71
0;200402264;744422;Farmer;710;1529067144000;90
0;202822840;11720163;Arbitux;1109;1529041478000;87
0;202794897;11501277;EnterKeyRemoved;3270;1529148203000;68
0;200705590;1394873;MR FAT PIG;2093;1529163411000;140
0;200148293;399995;Draqon;641;1529133692000;97
0;202412027;9730774;w1ndzera234;0;1529156878000;55
0;200241001;553889;Minkywhale;833;1529155563000;100
0;202762914;11350137;Lakiaro;23;1529140579000;48
0;200773871;1592239;Pap;1596;1529081703000;118
0;200252650;558311;BeachWhale;1154;1529156878000;113
0;200289536;601923;INT Haeri;3496;1529148891000;120
0;202762727;11360141;LGC Decoy;7;1529087187000;61
0;200319237;626793;feifeiAAAAAA;7;1529063834000;67
0;200181206;456280;Terrath;1018;1529143032000;102
0;201598061;4973029;HENRYJWATERNOOSE;3442;1529163878000;55
0;200055382;297478;weixin s5683169;3150;1529154349000;71
0;202614161;10951949;LilPump;3186;1529139533000;48
0;201142768;3150942;QQ854166019;1596;1529173841000;87
0;202762632;11350133;NMSLWSNDHJYZ;3290;1529129534000;49
0;202762721;11370128;Tijé;27;1528806220000;49
0;202921110;12130716;13 18 8;7;1529130920000;41
0;200008608;233843;Dreamy Donut;21;1528883840000;59
0;202847347;11860179;RONAN;23;1528370803000;62
0;200114600;357041;Incursio;3150;1529113244000;120
0;200047590;293743;Lily;3152;1529139533000;114
0;200159482;445723;Hotchelli;516;1528737474000;91
0;201017416;2572995;Cupcake k1ng;3290;1528694180000;42
0;200001972;230726;BioPanther;3155;1529129716000;116
0;200179390;455507;emelg;642;1529161490000;114
0;202145741;8010384;Guts;1549;1529154349000;120
0;201903529;6261249;remember when;914;1529063900000;72
0;200280809;578793;Coachboo;0;1529161490000;74
0;200726401;1440378;LoneIy;3352;1529115310000;85
0;200073634;316587;Praedvth;3266;1529073984000;83
0;202269893;8611092;ITN Aladoric;2076;1529063900000;138
0;200312591;624689;Kurisutiiiina;6;1529147375000;85
0;200295749;604210;e g ý m;654;1528961176000;74
0;202038203;7130976;Animosityxx;3522;1529060222000;126
0;200123338;381031;AresXd;1376;1529119597000;47
0;200032436;276134;Zíppo;3180;1529160781000;138
0;200020583;229825;Apink Bomi2;1225;1529041478000;65
0;200632459;1270780;qwerasdf1234zxct;23;1529135057000;64
0;200223197;507474;BeeShoe;22;1529062108000;76
0;202467931;10061504;HTC GuaPi;3480;1529149106000;120
0;202603804;11001000;BITCONNEEEEEEECT;10;1529145957000;71
0;1944616475937376;12220760;Richard Soup;1596;1528613935000;43
0;200465792;901128;Pengsing;21;1529146979000;53
0;201773265;5741616;Msituay;7;1529055825000;54
0;201667735;5321182;WX a759514064;7;1528776910000;41
0;200020094;239897;Getback;3459;1529157532000;122
0;200192232;481868;PowerfulUnicorn;1631;1529140620000;104
0;200308444;623208;Alto Angelo;3478;1529119597000;62
0;200167665;439696;Xanquish;537;1529149667000;77
0;200021445;280161;Mayura;19;1529162289000;114
0;200535596;945177;smurfQ283490070;6;1529091571000;95
0;200373718;713688;Emphasis;1454;1528986775000;74
0;200166230;448934;permanent mute;0;1529154729000;89
0;202267456;8610762;clairo ;1482;1528718346000;50
0;200033160;276531;fed7;544;1529162705000;108
0;202464843;10071209;Ai no misete;7;1529156211000;49
0;202055986;7281092;Cuo;2076;1529069863000;48
0;200243508;564778;Omnî;18;1529117775000;119
0;202062087;7291918;LetTheGayGo;3379;1529173050000;73
0;201494668;4380973;Phantiks OuO;3186;1528815508000;63
0;202335735;8971470;Domˉ;1386;1529152342000;99
0;201584673;4961001;alexxxxxx;28;1529156878000;56
0;200255902;569466;msdnb12 23 n1;1387;1529162289000;96
0;201032132;2651026;NishiZhuma;3377;1529121994000;56
0;202762811;11360138;Monkey D Ryoma;775;1529159687000;58
0;200216303;494121;ry0ma;775;1528863381000;45
0;201058077;2752573;retributionˉ;937;1528869108000;63
0;200076005;317688;Big Brain Wil;503;1529078762000;89
0;200077596;328516;Sweety Spaghetti;3018;1529163990000;94
0;201148136;3131580;Utopia;26;1529145580000;110
0;202615116;11050315;GellyCub;3379;1529156878000;115
0;200307093;632903;PD AN;3186;1529174721000;65
0;200152845;432291;Sybol;536;1528965508000;73
0;202404099;9660178;PurpleLamaGamer;3229;1529140764000;107
0;202133863;7891163;AC HatsuyukiYumi;1387;1529145957000;48
0;200381785;664497;Zhengchao God;3379;1528865809000;50
0;200836489;1891503;TheLilTeaPot;904;1529166613000;69
0;200309129;633527;Netsky;6;1529156211000;77
0;202473280;11203083;RareSticks Clap;3379;1529083752000;61
0;200205119;478475;mister f is back;512;1529153387000;73
0;202869798;11970252;apiiii;7;1529128765000;56
0;202762729;11360145;ORD Uzi;3382;1528272715000;48
0;200935099;2380423;Ayum1;1665;1529159600000;82
0;200044715;301731;Mog;616;1529070274000;110
0;200788747;1530604;ORD Ming;1114;1529063900000;73
0;202262605;8524790;Big Dobes;3377;1529171092000;70
0;202762817;11360144;Monkey Madness;3293;1529076188000;59
0;200193818;472833;siuman;984;1529160737000;71
0;200196041;473922;Phantiksˉ;982;1528891964000;47
0;200462206;900249;Tôi Là Thiên;4;1528544501000;43
0;200507429;952670;Praelus;3230;1529048742000;84
0;202578020;10890476;RèVelUvs;3496;1529156510000;99
0;202762624;11370125;No Talent Player;7;1529055825000;49
0;200374770;644072;UDYSOF;2074;1529157532000;102
0;200527945;929978;Fudge;3414;1529156878000;115
0;201011179;2572199;41095;22;1529173472000;84
0;200037546;278781;Harrí;937;1529158375000;150
0;200014010;236616;SulNix;2074;1529149667000;107
0;202212554;8430194;RNG AI;1575;1528647244000;80
0;200092041;345665;Sizzle;682;1528868556000;67
0;200181247;456316;NMSL NiQueZaiBB;7;1529050354000;43
0;200029034;274464;Phantiks;22;1529069863000;45
0;202820121;11690394;b1waC;21;1529155563000;62
0;200179361;455477;Hold You Tight;3495;1529139489000;58
0;201639480;5171370;Hi I am Vince;7;1529156878000;89
0;201994339;6821398;Prae1us;3157;1529129206000;64
0;200557378;1022808;LittlePapa;3199;1529129895000;74
0;200082629;330947;gunkrab;20;1529120567000;116
0;202236816;8521226;Dream111;3382;1529145957000;72
0;200073698;326444;Huey Dewey Louie;3457;1528566227000;144
0;200648712;1343871;POSSYM;27;1529159777000;74
0;200209142;490487;D1O;2093;1529054952000;55
0;200054677;297107;Edna Krabappoly;835;1529063834000;45
0;200302049;620972;Better on Top;2088;1528957501000;99
0;202182090;8201755;Katsurii;3290;1528941849000;87
0;202762724;11370132;sp18;23;1529129895000;50
0;200043568;291848;Feint;939;1529126521000;86
0;1945364267454208;12190942;MMM REMIND;22;1529139533000;44
0;202311404;8930124;LTZevil is back;7;1529153387000;64
